<Objects>
	<Object>
		<Token>[LINKS:1]</Token>
		<Settings>
			<Setting>
				<Name>Separator</Name>
				<Value><![CDATA[&nbsp;&nbsp;|&nbsp;&nbsp;]]></Value>
			</Setting>
			<Setting>
				<Name>Level</Name>
				<Value>Root</Value>
			</Setting>
		</Settings>
	</Object>
	<Object>
		<Token>[LINKS:2]</Token>
		<Settings>
			<Setting>
				<Name>Level</Name>
				<Value>Child</Value>
			</Setting>
			<Setting>
				<Name>Alignment</Name>
				<Value>Vertical</Value>
			</Setting>
			<Setting>
				<Name>Separator</Name>
				<Value><![CDATA[<strong><big>&nbsp;&middot;&nbsp;&nbsp;</big></strong>]]></Value>
			</Setting>
		</Settings>
	</Object>
	<Object>
		<Token>[DOTNETNUKE]</Token>
		<Settings>
			<Setting>
				<Name>CssClass</Name>
				<Value>Copyright</Value>
			</Setting>
		</Settings>
	</Object>
</Objects>
