<messages>
<message>
<name>MESSAGE_LOGIN_INSTRUCTIONS</name>
<value>
</value>
</message>
<message>
<name>MESSAGE_REGISTRATION_INSTRUCTIONS</name>
<value>
</value>
</message>
<message>
<name>EMAIL_USER_REGISTRATION_ADMINISTRATOR_SUBJECT</name>
<value>
[Portal:PortalName] New User Registration
</value>
</message>
<message>
<name>EMAIL_USER_REGISTRATION_ADMINISTRATOR_BODY</name>
<value>
Date: [Date:Current]
First Name: [User:FirstName]
Last Name: [User:LastName]
Unit: [User:Unit]
Street: [User:Street]
City: [User:City]
Region: [User:Region]
Country: [User:Country]
Postal Code: [User:PostalCode]
Telephone: [User:Telephone]
Email: [User:Email]
</value>
</message>
<message>
<name>EMAIL_USER_REGISTRATION_PRIVATE_SUBJECT</name>
<value>
[Portal:PortalName] New User Registration
</value>
</message>
<message>
<name>EMAIL_USER_REGISTRATION_PRIVATE_BODY</name>
<value>
Dear [User:FullName],

Thank you for registering at the [Portal:PortalName] portal website. Please read the following information carefully and be sure to save this message in a safe location for future reference.

Portal Website Address: [Portal:URL]
Username: [User:UserName]
Password: [User:Password]

Your account details will be reviewed by the portal Administrator and you will receive a notification upon account activation.

Thank you, we appreciate your support...

[Portal:PortalName]

</value>
</message>
<message>
<name>EMAIL_USER_REGISTRATION_PUBLIC_SUBJECT</name>
<value>
[Portal:PortalName] New User Registration
</value>
</message>
<message>
<name>EMAIL_USER_REGISTRATION_PUBLIC_BODY</name>
<value>
Dear [User:FullName],

We are pleased to advise that you have been added as a Registered User to the [Portal:PortalName] portal website. Please read the following information carefully and be sure to save this message in a safe location for future reference.

Portal Website Address: [Portal:URL]
Username: [User:UserName]
Password: [User:Password]
Verification Code: [User:VerificationCode]

Please take the opportunity to visit the website to review its content and take advantage of its many features.

Thank you, we appreciate your support...

[Portal:PortalName]

</value>
</message>
<message>
<name>EMAIL_USER_UNREGISTER_SUBJECT</name>
<value>
[Portal:PortalName] Unregister User
</value>
</message>
<message>
<name>EMAIL_USER_UNREGISTER_BODY</name>
<value>
Date: [Date:Current]
First Name: [User:FirstName]
Last Name: [User:LastName]
Unit: [User:Unit]
Street: [User:Street]
City: [User:City]
Region: [User:Region]
Country: [User:Country]
Postal Code: [User:PostalCode]
Telephone: [User:Telephone]
Email: [User:Email]
</value>
</message>
<message>
<name>EMAIL_ROLE_ASSIGNMENT_SUBJECT</name>
<value>
[Portal:PortalName] User Account Update
</value>
</message>
<message>
<name>EMAIL_ROLE_ASSIGNMENT_BODY</name>
<value>
Dear [User:FullName],

Your user account at the [Portal:PortalName] portal website has been recently updated to include access to the following Security Role:

Role: [Custom:0]
Description: [Custom:1]
Expiry Date: [Custom:2]

Thank you, we appreciate your support...
[Portal:PortalName]
</value>
</message>
<message>
<name>EMAIL_ROLE_UNASSIGNMENT_SUBJECT</name>
<value>
[Portal:PortalName] User Account Update
</value>
</message>
<message>
<name>EMAIL_ROLE_UNASSIGNMENT_BODY</name>
<value>
Dear [User:FullName],

Your user account at the [Portal:PortalName] portal website has been recently updated to restrict access to the following Security Role:

Role: [Custom:0]
Description: [Custom:1]
Expiry Date: [Custom:2]

Thank you, we appreciate your support...
[Portal:PortalName]
</value>
</message>
<message>
<name>EMAIL_PASSWORD_REMINDER_SUBJECT</name>
<value>
[Portal:PortalName] Password Reminder
</value>
</message>
<message>
<name>EMAIL_PASSWORD_REMINDER_BODY</name>
<value>
Dear [User:FullName],

You have requested a Password Reminder from the [Portal:PortalName] portal website.

Please login using the following information:

Portal Website Address: [Portal:URL]
Username:   [User:Username]
Password: [User:Password]
Verification Code: [User:VerificationCode]
Authorized: [User:Authorized]

Sincerely,
[Portal:PortalName]

*Note: If you did not request a Password Reminder, please disregard this Message.
</value>
</message>
<message>
<name>EMAIL_SMTP_TEST_SUBJECT</name>
<value>
[Host:HostTitle] SMTP Configuration Test
</value>
</message>
<message>
<name>EMAIL_PORTAL_SIGNUP_SUBJECT</name>
<value>
[Host:HostTitle] Demo Portal Signup
</value>
</message>
<message>
<name>EMAIL_PORTAL_SIGNUP_BODY</name>
<value>
Dear [User:FullName],

WYour Portal Website Has Been Created. Please read the following information carefully and be sure to save this message in a safe location for future reference.

Portal Website Address: [Portal:URL]
Username: [User:UserName]
Password: [User:Password]
Verification Code: [User:VerificationCode]

Please take the opportunity to visit the website to review its content and take advantage of its many features.

Thank you, we appreciate your support...

[Portal:PortalName]

</value>
</message>
<message>
<name>EMAIL_AFFILIATE_NOTIFICATION_SUBJECT</name>
<value>
[Portal:PortalName] Affiliate Notification
</value>
</message>
<message>
<name>EMAIL_AFFILIATE_NOTIFICATION_BODY</name>
<value>
Dear [Custom:0],

Your account for the [Portal:PortalName] Affiliate Program has been created.

To begin earning rewards, please use the following URL to link to our site:

[Custom:1]

Thank you,
[Portal:PortalName]

</value>
</message>
<message>
<name>MESSAGE_PORTAL_TERMS</name>
<value>
&lt;span class="SubHead"&gt;AGREEMENT BETWEEN USER AND [Portal:PortalName]&lt;/span&gt;&lt;br&gt;&lt;br&gt;
The [Portal:PortalName] Web Site is comprised of various Web 
pages operated by [Portal:PortalName].&lt;br&gt;&lt;br&gt;
The [Portal:PortalName] Web Site is 
offered to you conditioned on your acceptance without modification of the 
terms, conditions, and notices contained herein. Your use of the 
[Portal:PortalName] Web Site constitutes your agreement to all such terms, 
conditions, and notices.&lt;br&gt;&lt;br&gt;
&lt;span class="SubHead"&gt;MODIFICATION OF THESE TERMS OF USE&lt;/span&gt;&lt;br&gt;&lt;br&gt;
[Portal:PortalName] 
reserves the right to change the terms, conditions, and notices under which the 
[Portal:PortalName] Web Site is offered, including but not limited to the 
charges associated with the use of the [Portal:PortalName] Web Site.&lt;br&gt;&lt;br&gt;
&lt;span class="SubHead"&gt;LINKS TO THIRD PARTY SITES&lt;/span&gt;&lt;br&gt;&lt;br&gt;
The [Portal:PortalName] Web Site may 
contain links to other Web Sites ("Linked Sites"). The Linked Sites are not 
under the control of [Portal:PortalName] and [Portal:PortalName] is not responsible 
for the contents of any Linked Site, including without limitation any link 
contained in a Linked Site, or any changes or updates to a Linked Site. 
[Portal:PortalName] is not responsible for webcasting or any other form of 
transmission received from any Linked Site. [Portal:PortalName] is providing 
these links to you only as a convenience, and the inclusion of any link does 
not imply endorsement by [Portal:PortalName] of the site or any association with 
its operators.&lt;br&gt;&lt;br&gt;
&lt;span class="SubHead"&gt;NO UNLAWFUL OR PROHIBITED USE&lt;/span&gt;&lt;br&gt;&lt;br&gt;
As a condition of your use of the 
[Portal:PortalName] Web Site, you warrant to [Portal:PortalName] that you will not 
use the [Portal:PortalName] Web Site for any purpose that is unlawful or 
prohibited by these terms, conditions, and notices. You may not use the 
[Portal:PortalName] Web Site in any manner which could damage, disable, 
overburden, or impair the [Portal:PortalName] Web Site or interfere with any 
other party's use and enjoyment of the [Portal:PortalName] Web Site. You may not 
obtain or attempt to obtain any materials or information through any means not 
intentionally made available or provided for through the [Portal:PortalName] Web 
Sites.&lt;br&gt;&lt;br&gt;
&lt;span class="SubHead"&gt;USE OF COMMUNICATION SERVICES&lt;/span&gt;&lt;br&gt;&lt;br&gt;
The [Portal:PortalName] Web Site may 
contain bulletin board services, chat areas, news groups, forums, communities, 
personal web pages, calendars, and/or other message or communication facilities 
designed to enable you to communicate with the public at large or with a group 
(collectively, "Communication Services"), you agree to use the Communication 
Services only to post, send and receive messages and material that are proper 
and related to the particular Communication Service. By way of example, and not 
as a limitation, you agree that when using a Communication Service, you will 
not:&lt;br&gt;&lt;br&gt;
&lt;ul&gt;
&lt;li&gt;
Defame, abuse, harass, stalk, threaten or otherwise violate the legal rights 
(such as rights of privacy and publicity) of others.&lt;br&gt;
&lt;br&gt;
&lt;li&gt;
Publish, post, upload, distribute or disseminate any inappropriate, profane, 
defamatory, infringing, obscene, indecent or unlawful topic, name, material or 
information.&lt;br&gt;
&lt;br&gt;
&lt;li&gt;
Upload files that contain software or other material protected by intellectual 
property laws (or by rights of privacy of publicity) unless you own or control 
the rights thereto or have received all necessary consents.&lt;br&gt;
&lt;br&gt;
&lt;li&gt;
Upload files that contain viruses, corrupted files, or any other similar 
software or programs that may damage the operation of another's computer.&lt;br&gt;
&lt;br&gt;
&lt;li&gt;
Advertise or offer to sell or buy any goods or services for any business 
purpose, unless such Communication Service specifically allows such messages.&lt;br&gt;
&lt;br&gt;
&lt;li&gt;
Conduct or forward surveys, contests, pyramid schemes or chain letters.&lt;br&gt;
&lt;br&gt;
&lt;li&gt;
Download any file posted by another user of a Communication Service that you 
know, or reasonably should know, cannot be legally distributed in such manner.&lt;br&gt;
&lt;br&gt;
&lt;li&gt;
Falsify or delete any author attributions, legal or other proper notices or 
proprietary designations or labels of the origin or source of software or other 
material contained in a file that is uploaded.&lt;br&gt;
&lt;br&gt;
&lt;li&gt;
Restrict or inhibit any other user from using and enjoying the Communication 
Services.&lt;br&gt;
&lt;br&gt;
&lt;li&gt;
Violate any code of conduct or other guidelines which may be applicable for any 
particular Communication Service.&lt;br&gt;
&lt;br&gt;
&lt;li&gt;
Harvest or otherwise collect information about others, including e-mail 
addresses, without their consent.&lt;br&gt;
&lt;br&gt;
&lt;li&gt;
Violate any applicable laws or regulations.&lt;/li&gt;
&lt;/ul&gt;
[Portal:PortalName] has no obligation to monitor the Communication Services. 
However, [Portal:PortalName] reserves the right to review materials posted to a 
Communication Service and to remove any materials in its sole discretion. 
[Portal:PortalName] reserves the right to terminate your access to any or all of 
the Communication Services at any time without notice for any reason 
whatsoever.&lt;br&gt;&lt;br&gt;
[Portal:PortalName] reserves the right at all times to disclose any 
information as necessary to satisfy any applicable law, regulation, legal 
process or governmental request, or to edit, refuse to post or to remove any 
information or materials, in whole or in part, in [Portal:PortalName]'s sole 
discretion.&lt;br&gt;&lt;br&gt;
Always use caution when giving out any personally identifying 
information about yourself or your children in any Communication Service. 
[Portal:PortalName] does not control or endorse the content, messages or 
information found in any Communication Service and, therefore, 
[Portal:PortalName] specifically disclaims any liability with regard to the 
Communication Services and any actions resulting from your participation in any 
Communication Service. Managers and hosts are not authorized [Portal:PortalName] 
spokespersons, and their views do not necessarily reflect those of 
[Portal:PortalName].&lt;br&gt;&lt;br&gt;
Materials uploaded to a Communication Service may be subject 
to posted limitations on usage, reproduction and/or dissemination. You are 
responsible for adhering to such limitations if you download the materials.&lt;br&gt;&lt;br&gt; 
&lt;span class="SubHead"&gt;MATERIALS PROVIDED TO [Portal:PortalName] OR POSTED AT ANY [Portal:PortalName] WEB 
SITE&lt;/span&gt;&lt;br&gt;&lt;br&gt;
[Portal:PortalName] does not claim ownership of the materials you provide to 
[Portal:PortalName] (including feedback and suggestions) or post, upload, input 
or submit to any [Portal:PortalName] Web Site or its associated services 
(collectively "Submissions"). However, by posting, uploading, inputting, 
providing or submitting your Submission you are granting [Portal:PortalName], its 
affiliated companies and necessary sublicensees permission to use your 
Submission in connection with the operation of their Internet businesses 
including, without limitation, the rights to: copy, distribute, transmit, 
publicly display, publicly perform, reproduce, edit, translate and reformat 
your Submission; and to publish your name in connection with your Submission.&lt;br&gt;&lt;br&gt; 
No compensation will be paid with respect to the use of your Submission, as 
provided herein. [Portal:PortalName] is under no obligation to post or use any 
Submission you may provide and may remove any Submission at any time in 
[Portal:PortalName]'s sole discretion.&lt;br&gt;&lt;br&gt;
By posting, uploading, inputting, 
providing or submitting your Submission you warrant and represent that you own 
or otherwise control all of the rights to your Submission as described in this 
section including, without limitation, all the rights necessary for you to 
provide, post, upload, input or submit the Submissions.&lt;br&gt;&lt;br&gt;
&lt;span class="SubHead"&gt;LIABILITY DISCLAIMER&lt;/span&gt;&lt;br&gt;&lt;br&gt;
THE INFORMATION, SOFTWARE, PRODUCTS, AND SERVICES INCLUDED IN OR AVAILABLE THROUGH THE [Portal:PortalName] WEB SITE 
MAY INCLUDE INACCURACIES OR TYPOGRAPHICAL ERRORS. CHANGES ARE PERIODICALLY 
ADDED TO THE INFORMATION HEREIN. [Portal:PortalName] AND/OR ITS SUPPLIERS MAY 
MAKE IMPROVEMENTS AND/OR CHANGES IN THE [Portal:PortalName] WEB SITE AT ANY 
TIME. ADVICE RECEIVED VIA THE [Portal:PortalName] WEB SITE SHOULD NOT BE RELIED 
UPON FOR PERSONAL, MEDICAL, LEGAL OR FINANCIAL DECISIONS AND YOU SHOULD CONSULT 
AN APPROPRIATE PROFESSIONAL FOR SPECIFIC ADVICE TAILORED TO YOUR SITUATION.&lt;br&gt;&lt;br&gt; 
[Portal:PortalName] AND/OR ITS SUPPLIERS MAKE NO REPRESENTATIONS ABOUT THE 
SUITABILITY, RELIABILITY, AVAILABILITY, TIMELINESS, AND ACCURACY OF THE 
INFORMATION, SOFTWARE, PRODUCTS, SERVICES AND RELATED GRAPHICS CONTAINED ON THE 
[Portal:PortalName] WEB SITE FOR ANY PURPOSE. TO THE MAXIMUM EXTENT PERMITTED BY 
APPLICABLE LAW, ALL SUCH INFORMATION, SOFTWARE, PRODUCTS, SERVICES AND RELATED 
GRAPHICS ARE PROVIDED "AS IS" WITHOUT WARRANTY OR CONDITION OF ANY KIND. 
[Portal:PortalName] AND/OR ITS SUPPLIERS HEREBY DISCLAIM ALL WARRANTIES AND 
CONDITIONS WITH REGARD TO THIS INFORMATION, SOFTWARE, PRODUCTS, SERVICES AND 
RELATED GRAPHICS, INCLUDING ALL IMPLIED WARRANTIES OR CONDITIONS OF 
MERCHANTABILITY, FITNESS FOR A PARTICULAR PURPOSE, TITLE AND NON-INFRINGEMENT.&lt;br&gt;&lt;br&gt; 
TO THE MAXIMUM EXTENT PERMITTED BY APPLICABLE LAW, IN NO EVENT SHALL 
[Portal:PortalName] AND/OR ITS SUPPLIERS BE LIABLE FOR ANY DIRECT, INDIRECT, 
PUNITIVE, INCIDENTAL, SPECIAL, CONSEQUENTIAL DAMAGES OR ANY DAMAGES WHATSOEVER 
INCLUDING, WITHOUT LIMITATION, DAMAGES FOR LOSS OF USE, DATA OR PROFITS, 
ARISING OUT OF OR IN ANY WAY CONNECTED WITH THE USE OR PERFORMANCE OF THE 
[Portal:PortalName] WEB SITE, WITH THE DELAY OR INABILITY TO USE THE 
[Portal:PortalName] WEB SITE OR RELATED SERVICES, THE PROVISION OF OR FAILURE TO 
PROVIDE SERVICES, OR FOR ANY INFORMATION, SOFTWARE, PRODUCTS, SERVICES AND 
RELATED GRAPHICS OBTAINED THROUGH THE [Portal:PortalName] WEB SITE, OR OTHERWISE 
ARISING OUT OF THE USE OF THE [Portal:PortalName] WEB SITE, WHETHER BASED ON 
CONTRACT, TORT, NEGLIGENCE, STRICT LIABILITY OR OTHERWISE, EVEN IF 
[Portal:PortalName] OR ANY OF ITS SUPPLIERS HAS BEEN ADVISED OF THE POSSIBILITY 
OF DAMAGES. BECAUSE SOME STATES/JURISDICTIONS DO NOT ALLOW THE EXCLUSION OR 
LIMITATION OF LIABILITY FOR CONSEQUENTIAL OR INCIDENTAL DAMAGES, THE ABOVE 
LIMITATION MAY NOT APPLY TO YOU. IF YOU ARE DISSATISFIED WITH ANY PORTION OF 
THE [Portal:PortalName] WEB SITE, OR WITH ANY OF THESE TERMS OF USE, YOUR SOLE 
AND EXCLUSIVE REMEDY IS TO DISCONTINUE USING THE [Portal:PortalName] WEB SITE.&lt;br&gt;&lt;br&gt; 
SERVICE CONTACT : [Portal:Email]&lt;br&gt;&lt;br&gt;
&lt;span class="SubHead"&gt;TERMINATION/ACCESS RESTRICTION&lt;/span&gt;&lt;br&gt;&lt;br&gt;
[Portal:PortalName] reserves the right, in its sole discretion, to terminate your 
access to the [Portal:PortalName] Web Site and the related services or 
any portion thereof at any time, without notice. GENERAL To the maximum extent 
permitted by law, this agreement is governed by the laws of the State of 
Washington, U.S.A. and you hereby consent to the exclusive jurisdiction and 
venue of courts in King County, Washington, U.S.A. in all disputes arising out 
of or relating to the use of the [Portal:PortalName] Web Site. Use of the 
[Portal:PortalName] Web Site is unauthorized in any jurisdiction that does not 
give effect to all provisions of these terms and conditions, including without 
limitation this paragraph. You agree that no joint venture, partnership, 
employment, or agency relationship exists between you and [Portal:PortalName] as 
a result of this agreement or use of the [Portal:PortalName] Web Site. 
[Portal:PortalName]'s performance of this agreement is subject to existing laws 
and legal process, and nothing contained in this agreement is in derogation of 
[Portal:PortalName]'s right to comply with governmental, court and law 
enforcement requests or requirements relating to your use of the 
[Portal:PortalName] Web Site or information provided to or gathered by 
[Portal:PortalName] with respect to such use. If any part of this agreement is 
determined to be invalid or unenforceable pursuant to applicable law including, 
but not limited to, the warranty disclaimers and liability limitations set 
forth above, then the invalid or unenforceable provision will be deemed 
superseded by a valid, enforceable provision that most closely matches the 
intent of the original provision and the remainder of the agreement shall 
continue in effect. Unless otherwise specified herein, this agreement 
constitutes the entire agreement between the user and [Portal:PortalName] with 
respect to the [Portal:PortalName] Web Site and it supersedes all prior or 
contemporaneous communications and proposals, whether electronic, oral or 
written, between the user and [Portal:PortalName] with respect to the 
[Portal:PortalName] Web Site. A printed version of this agreement and of any 
notice given in electronic form shall be admissible in judicial or 
administrative proceedings based upon or relating to this agreement to the same 
extent an d subject to the same conditions as other business documents and 
records originally generated and maintained in printed form. It is the express 
wish to the parties that this agreement and all related documents be drawn up 
in English.&lt;br&gt;&lt;br&gt;
&lt;span class="SubHead"&gt;COPYRIGHT AND TRADEMARK NOTICES:&lt;/span&gt;&lt;br&gt;&lt;br&gt;
All contents of the [Portal:PortalName] Web Site are: 
[Portal:FooterText] and/or its suppliers. All rights reserved.&lt;br&gt;&lt;br&gt;
&lt;span class="SubHead"&gt;TRADEMARKS&lt;/span&gt;&lt;br&gt;&lt;br&gt; 
The names of actual companies and products mentioned 
herein may be the trademarks of their respective owners.&lt;br&gt;&lt;br&gt;
The example companies, 
organizations, products, people and events depicted herein are fictitious. No 
association with any real company, organization, product, person, or event is 
intended or should be inferred.&lt;br&gt;&lt;br&gt;
Any rights not expressly granted herein are 
reserved.&lt;br&gt;&lt;br&gt;
&lt;span class="SubHead"&gt;NOTICES AND PROCEDURE FOR MAKING CLAIMS OF COPYRIGHT INFRINGEMENT&lt;/span&gt;&lt;br&gt;&lt;br&gt;
Pursuant to Title 17, United States Code, Section 512(c)(2), notifications of 
claimed copyright infringement under United States copyright law should be sent 
to Service Provider's Designated Agent. ALL INQUIRIES NOT RELEVANT TO THE 
FOLLOWING PROCEDURE WILL RECEIVE NO RESPONSE. See Notice and Procedure for 
Making Claims of Copyright Infringement.
&lt;/span&gt;
&lt;br&gt;
&lt;br&gt;
</value>
</message>
<message>
<name>MESSAGE_PORTAL_PRIVACY</name>
<value>
[Portal:PortalName] is committed to protecting your privacy and developing 
technology that gives you the most powerful and safe online experience. This 
Statement of Privacy applies to the [Portal:PortalName] Web 
site and governs data collection and usage. By using the [Portal:PortalName] 
website, you consent to the data practices described in this statement.&lt;br&gt;&lt;br&gt; 
&lt;span class="SubHead"&gt;Collection of your Personal Information&lt;/span&gt;&lt;br&gt;&lt;br&gt;
[Portal:PortalName] collects personally 
identifiable information, such as your e-mail address, name, home or work 
address or telephone number. [Portal:PortalName] also collects anonymous 
demographic information, which is not unique to you, such as your ZIP code, 
age, gender, preferences, interests and favorites.&lt;br&gt;&lt;br&gt;
There is also information about your computer hardware and 
software that is automatically collected by [Portal:PortalName]. This information 
can include: your IP address, browser type, domain names, access times and 
referring Web site addresses. This information is used by [Portal:PortalName] for 
the operation of the service, to maintain quality of the service, and to 
provide general statistics regarding use of the [Portal:PortalName] Web site.&lt;br&gt;&lt;br&gt; 
Please keep in mind that if you directly disclose personally identifiable 
information or personally sensitive data through [Portal:PortalName] public 
message boards, this information may be collected and used by others. Note: 
[Portal:PortalName] does not read any of your private online communications.&lt;br&gt;&lt;br&gt; 
[Portal:PortalName] encourages you to review the privacy statements of Web sites 
you choose to link to from [Portal:PortalName] so that you can understand how 
those Web sites collect, use and share your information. [Portal:PortalName] is 
not responsible for the privacy statements or other content on Web sites 
outside of the [Portal:PortalName] and [Portal:PortalName] family of Web sites.&lt;br&gt;&lt;br&gt;
&lt;span class="SubHead"&gt;Use of your Personal Information&lt;/span&gt;&lt;br&gt;&lt;br&gt;
[Portal:PortalName] collects and uses your personal 
information to operate the [Portal:PortalName] Web site and deliver the services 
you have requested. [Portal:PortalName] also uses your personally identifiable 
information to inform you of other products or services available from 
[Portal:PortalName] and its affiliates. [Portal:PortalName] may also contact you 
via surveys to conduct research about your opinion of current services or of 
potential new services that may be offered.&lt;br&gt;&lt;br&gt;
[Portal:PortalName] does not sell, 
rent or lease its customer lists to third parties. [Portal:PortalName] may, from 
time to time, contact you on behalf of external business partners about a 
particular offering that may be of interest to you. In those cases, your unique 
personally identifiable information (e-mail, name, address, telephone number) 
is not transferred to the third party. In addition, [Portal:PortalName] may share 
data with trusted partners to help us perform statistical analysis, send you 
email or postal mail, provide customer support, or arrange for deliveries. All 
such third parties are prohibited from using your personal information except 
to provide these services to [Portal:PortalName], and they are required to 
maintain the confidentiality of your information.&lt;br&gt;&lt;br&gt;
[Portal:PortalName] does not 
use or disclose sensitive personal information, such as race, religion, or 
political affiliations, without your explicit consent.&lt;br&gt;&lt;br&gt;
[Portal:PortalName] keeps 
track of the Web sites and pages our customers visit within [Portal:PortalName], 
in order to determine what [Portal:PortalName] services are the most popular. 
This data is used to deliver customized content and advertising within 
[Portal:PortalName] to customers whose behavior indicates that they are 
interested in a particular subject area.&lt;br&gt;&lt;br&gt;
[Portal:PortalName] Web sites will 
disclose your personal information, without notice, only if required to do so 
by law or in the good faith belief that such action is necessary to: (a) 
conform to the edicts of the law or comply with legal process served on 
[Portal:PortalName] or the site; (b) protect and defend the rights or property of 
[Portal:PortalName]; and, (c) act under exigent circumstances to protect the 
personal safety of users of [Portal:PortalName], or the public.&lt;br&gt;&lt;br&gt;
&lt;span class="SubHead"&gt;Use of Cookies&lt;/span&gt;&lt;br&gt;&lt;br&gt; 
The [Portal:PortalName] Web site use "cookies" to help you personalize your 
online experience. A cookie is a text file that is placed on your hard disk by 
a Web page server. Cookies cannot be used to run programs or deliver viruses to 
your computer. Cookies are uniquely assigned to you, and can only be read by a 
web server in the domain that issued the cookie to you.&lt;br&gt;&lt;br&gt;
One of the primary 
purposes of cookies is to provide a convenience feature to save you time. The 
purpose of a cookie is to tell the Web server that you have returned to a 
specific page. For example, if you personalize [Portal:PortalName] pages, or 
register with [Portal:PortalName] site or services, a cookie helps 
[Portal:PortalName] to recall your specific information on subsequent visits. 
This simplifies the process of recording your personal information, such as 
billing addresses, shipping addresses, and so on. When you return to the same 
[Portal:PortalName] Web site, the information you previously provided can be 
retrieved, so you can easily use the [Portal:PortalName] features that you 
customized.&lt;br&gt;&lt;br&gt;
You have the ability to accept or decline cookies. Most Web 
browsers automatically accept cookies, but you can usually modify your browser 
setting to decline cookies if you prefer. If you choose to decline cookies, you 
may not be able to fully experience the interactive features of the 
[Portal:PortalName] services or Web sites you visit.&lt;br&gt;&lt;br&gt;
&lt;span class="SubHead"&gt;Security of your Personal Information&lt;/span&gt;&lt;br&gt;&lt;br&gt;
[Portal:PortalName] secures your personal information from 
unauthorized access, use or disclosure. [Portal:PortalName] secures the 
personally identifiable information you provide on computer servers in a 
controlled, secure environment, protected from unauthorized access, use or 
disclosure. When personal information (such as a credit card number) is 
transmitted to other Web sites, it is protected through the use of encryption, 
such as the Secure Socket Layer (SSL) protocol.&lt;br&gt;&lt;br&gt;
&lt;span class="SubHead"&gt;Changes to this Statement&lt;/span&gt;&lt;br&gt;&lt;br&gt;
[Portal:PortalName] will occasionally update this Statement of Privacy to reflect 
company and customer feedback. [Portal:PortalName] encourages you to periodically 
review this Statement to be informed of how [Portal:PortalName] is protecting 
your information.&lt;br&gt;&lt;br&gt;
&lt;span class="SubHead"&gt;Contact Information&lt;/span&gt;&lt;br&gt;&lt;br&gt;
[Portal:PortalName] welcomes your comments 
regarding this Statement of Privacy. If you believe that [Portal:PortalName] has 
not adhered to this Statement, please contact [Portal:PortalName] at &lt;a href="mailto:[Portal:Email]"&gt;[Portal:Email]&lt;/a&gt;. We 
will use commercially reasonable efforts to promptly determine and remedy the 
problem.
&lt;br&gt;
&lt;br&gt;
</value>
</message>
</messages>
